Metrica,Valore
Numero di Coppie,1000.0
Media,0.28256067633628845
Mediana,0.2844029664993286
Deviazione Standard,0.03160955011844635
Minima,0.1647295206785202
Massima,0.3728892207145691
