Metrica,Valore
Numero di Coppie,100.0
Media,0.3153094947338104
Mediana,0.31633979082107544
Deviazione Standard,0.033929243683815
Minima,0.21825340390205383
Massima,0.396119624376297
