Metrica,Valore
Numero di Coppie,1000.0
Media,0.2709507346153259
Mediana,0.2728462219238281
Deviazione Standard,0.03482998162508011
Minima,0.1191827803850174
Massima,0.3813784122467041
