Metrica,Valore
Numero di Coppie,100.0
Media,0.3114059269428253
Mediana,0.3143741488456726
Deviazione Standard,0.037201981991529465
Minima,0.21766690909862518
Massima,0.39516323804855347
