Metric,Value
Numero di Coppie,500.0
Media,0.33153679966926575
Mediana,0.3344796299934387
Deviazione Standard,0.09099404513835907
Minima,0.05727389082312584
Massima,0.6221451759338379
