Metric,Value
Numero di Coppie,62.0
Media,0.2949720025062561
Mediana,0.3091205060482025
Deviazione Standard,0.08569378405809402
Minima,0.1030387282371521
Massima,0.5251357555389404
